INSERT INTO usuarios 
(usu_id, usu_nome, usu_email, usu_senha, usu_steamid, usu_saldo, usu_pix, usu_cpf, usu_adm, usu_img)
VALUES
(1, 'João Silva', 'joao.silva@example.com', 'senha123', 'STEAM_111111111', 150.75, 'joaosilva@pix.com', '12345678901', 0, 'img-perfil-1.jpeg'),
(2, 'Maria Oliveira', 'maria.oliveira@example.com', 'senha456', 'STEAM_222222222', 300.00, 'mariaoliveira@pix.com', '12345678902', 0, 'img-perfil-2.jpeg'),
(3, 'ADMIN', 'ADMIN.santos@example.com', '123', 'ADMIN_333333333', 50.00, 'ADMIN@pix.com', '12345678903', 1, 'img-perfil-3.jpeg'),
(4, 'Leonardo Pereira', 'leonardo.pereira@example.com', 'senha789', 'STEAM_444444444', 100.00, 'leonardopereira@pix.com', '12345678904', 0, 'img-perfil-4.jpeg'),
(5, 'Letícia Costa', 'leticia.costa@example.com', 'senha101', 'STEAM_555555555', 200.00, 'leticiacosta@pix.com', '12345678905', 0, 'img-perfil-5.jpeg'),
(6, 'Samuel Oliveira', 'samuel.oliveira@example.com', 'senha202', 'STEAM_666666666', 120.00, 'samueloliveira@pix.com', '12345678906', 0, 'img-perfil-6.jpeg'),
(7, 'Yasmin Fernandes', 'yasmin.fernandes@example.com', 'senha303', 'STEAM_777777777', 180.00, 'yasminfernandes@pix.com', '12345678907', 0, 'img-perfil-7.jpeg'),
(8, 'Eduardo Almeida', 'eduardo.almeida@example.com', 'senha404', 'STEAM_888888888', 90.00, 'eduardoalmeida@pix.com', '12345678908', 0, 'img-perfil-8.jpeg'),
(9, 'Luana Martins', 'luana.martins@example.com', 'senha505', 'STEAM_999999999', 210.00, 'luanamartins@pix.com', '12345678909', 0, 'img-perfil-9.jpeg'),
(10, 'André Lima', 'andre.lima@example.com', 'senha606', 'STEAM_101010101', 130.00, 'andrelima@pix.com', '12345678910', 0, 'img-perfil-10.jpeg'),
(11, 'Rafaela Gomes', 'rafaela.gomes@example.com', 'senha707', 'STEAM_111111112', 170.00, 'rafaelagomes@pix.com', '12345678911', 0, 'img-perfil-1.jpeg'),
(12, 'Maria Souza', 'maria.souza@example.com', 'senha808', 'STEAM_121212121', 160.00, 'mariasouza@pix.com', '12345678912', 0, 'img-perfil-2.jpeg'),
(13, 'Caio Rodrigues', 'caio.rodrigues@example.com', 'senha909', 'STEAM_131313131', 140.00, 'caiorodrigues@pix.com', '12345678913', 0, 'img-perfil-1.jpeg'),
(14, 'Lorena Mendes', 'lorena.mendes@example.com', 'senha111', 'STEAM_141414141', 110.00, 'lorenamendes@pix.com', '12345678914', 0, 'img-perfil-4.jpeg'),
(15, 'Diego Souza', 'diego.souza@example.com', 'senha222', 'STEAM_151515151', 115.00, 'diegosouza@pix.com', '12345678915', 0, 'img-perfil-5.jpeg'),
(16, 'Nicole Almeida', 'nicole.almeida@example.com', 'senha333', 'STEAM_161616161', 125.00, 'nicolealmeida@pix.com', '12345678916', 0, 'img-perfil-6.jpeg'),
(17, 'Manuella Santos', 'manuella.santos@example.com', 'senha444', 'STEAM_171717171', 135.00, 'manuellasantos@pix.com', '12345678917', 0, 'img-perfil-7.jpeg'),
(18, 'Ana Paula', 'ana.paula@example.com', 'senha555', 'STEAM_181818181', 145.00, 'anapaula@pix.com', '12345678918', 0, 'img-perfil-8.jpeg'),
(19, 'Igor Fernandes', 'igor.fernandes@example.com', 'senha666', 'STEAM_191919191', 155.00, 'igorfernandes@pix.com', '12345678919', 0, 'img-perfil-9.jpeg'),
(20, 'Melissa Ribeiro', 'melissa.ribeiro@example.com', 'senha777', 'STEAM_202020202', 165.00, 'melissaribeiro@pix.com', '12345678920', 0, 'img-perfil-2.jpeg'),
(21, 'Arthur Mendes', 'arthur.mendes@example.com', 'senha888', 'STEAM_212121212', 175.00, 'arthurmendes@pix.com', '12345678921', 0, 'img-perfil-1.jpeg'),
(22, 'Elisa Moreira', 'elisa.moreira@example.com', 'senha999', 'STEAM_222222223', 185.00, 'elisamoreira@pix.com', '12345678922', 0, 'img-perfil-2.jpeg'),
(23, 'Otávio Lima', 'otavio.lima@example.com', 'senha000', 'STEAM_232323232', 195.00, 'otaviolima@pix.com', '12345678923', 0, 'img-perfil-3.jpeg'),
(24, 'Bruno Lima', 'bruno.lima@example.com', 'senha321', 'STEAM_242424242', 205.00, 'brunolima@pix.com', '12345678924', 0, 'img-perfil-4.jpeg'),
(25, 'Lívia Rocha', 'livia.rocha@example.com', 'senha654', 'STEAM_252525252', 215.00, 'liviarocha@pix.com', '12345678925', 0, 'img-perfil-5.jpeg'),
(26, 'Heitor Carvalho', 'heitor.carvalho@example.com', 'senha987', 'STEAM_262626262', 225.00, 'heitorcarvalho@pix.com', '12345678926', 0, 'img-perfil-6.jpeg'),
(27, 'Esther Lima', 'esther.lima@example.com', 'senha147', 'STEAM_272727272', 235.00, 'estherlima@pix.com', '12345678927', 0, 'img-perfil-7.jpeg'),
(28, 'Bernardo Alves', 'bernardo.alves@example.com', 'senha258', 'STEAM_282828282', 245.00, 'bernardoalves@pix.com', '12345678928', 0, 'img-perfil-8.jpeg'),
(29, 'Maitê Silva', 'maite.silva@example.com', 'senha369', 'STEAM_292929292', 255.00, 'maitesilva@pix.com', '12345678929', 0, 'img-perfil-2.jpeg'),
(30, 'Eloá Santos', 'eloa.santos@example.com', 'senha159', 'STEAM_303030303', 265.00, 'eloasantos@pix.com', '12345678930', 0, 'img-perfil-5.jpeg'),
(31, 'Alice Ferreira', 'alice.ferreira@example.com', 'senha753', 'STEAM_313131313', 275.00, 'aliceferreira@pix.com', '12345678931', 0, 'img-perfil-6.jpeg'),
(32, 'Íris Castro', 'iris.castro@example.com', 'senha951', 'STEAM_323232323', 285.00, 'iriscastro@pix.com', '12345678932', 0, 'img-perfil-5.jpeg'),
(33, 'Pedro Henrique', 'pedro.henrique@example.com', 'senha1234', 'STEAM_333333333', 100.00, 'pedrohenrique@pix.com', '12345678933', 0, 'img-perfil-9.jpeg');


INSERT INTO skins
(skin_id, usu_id, skin_nome, skin_cond, skin_preco, skin_data, skin_img, skin_status, skin_float)
VALUES
(1, 1, 'AK-47 | Redline', 'Bem Usada', 129.99, '2025-09-23', '/skins/ak-red.png', 'disponível', 0.10),
(2, 2, 'AK-47 | Nightwish', 'Bem Usada', 129.99, '2025-09-23', '/skins/AK-47 Nightwish.png', 'disponível', 0.10),
(3, 3, 'AK-47 | Wild Lotus', 'Bem Usada', 129.99, '2025-09-23', '/skins/Wild Lotus.png', 'disponível', 0.10),
(4, 4, 'AK-47 | Frontside Misty', 'Bem Usada', 129.99, '2025-09-23', '/skins/Frontside Misty.png', 'disponível', 0.10),
(5, 5, 'AK-47 | Neon Rider', 'Bem Usada', 129.99, '2025-09-23', '/skins/Neon Rider.png', 'disponível', 0.10),
(6, 6, 'AK-47 | Neon Revolution', 'Bem Usada', 129.99, '2025-09-23', '/skins/Neon Revolution.png', 'disponível', 0.10),
(7, 6, 'AK-47 | Case Hardened', 'Bem Usada', 129.99, '2025-09-23', '/skins/Case Hardened.png', 'disponível', 0.10),
(8, 1, 'AK-47 | Gold Arabesque', 'Bem Usada', 129.99, '2025-09-23', '/skins/Gold Arabesque.png', 'disponível', 0.10),
(9, 7, 'AWP | Asiimov', 'Bem Usada', 349.90, '2025-09-23', '/skins/awp-assimov.png', 'disponível', 0.10),
(10, 7, 'AWP | Chromatic Aberration', 'Bem Usada', 349.90, '2025-09-23', '/skins/Chromatic Aberration.png', 'disponível', 0.10),
(11, 8, 'AWP | Atheris', 'Bem Usada', 349.90, '2025-09-23', '/skins/Atheris.png', 'disponível', 0.10),
(12, 8, 'AWP | CMYK', 'Bem Usada', 349.90, '2025-09-23', '/skins/CMYK.png', 'disponível', 0.10),
(13, 9, 'AWP | Hyper Beast', 'Bem Usada', 349.90, '2025-09-23', '/skins/Hyper Beast.png', 'disponível', 0.10),
(14, 9, 'AWP | Neo-Noir', 'Bem Usada', 349.90, '2025-09-23', '/skins/Neo-Noir.png', 'disponível', 0.10),
(15, 10, 'AWP | Fever Dream', 'Bem Usada', 349.90, '2025-09-23', '/skins/Fever Dream.png', 'disponível', 0.10),
(16, 11, 'AWP | Oni Taiji', 'Bem Usada', 349.90, '2025-09-23', '/skins/Oni Taiji.png', 'disponível', 0.10),
(17, 11, 'M4A1-S | Hyper Beast', 'Bem Usada', 229.50, '2025-09-23', '/skins/m4a1.png', 'disponível', 0.10),
(18, 12, 'M4A1-S | Stratosphere', 'Bem Usada', 229.50, '2025-09-23', '/skins/Stratosphere.png', 'disponível', 0.10),
(19, 12, 'M4A1-S | Decimator', 'Bem Usada', 229.50, '2025-09-23', '/skins/Decimator.png', 'disponível', 0.10),
(20, 13, 'M4A1-S | Black Lotus', 'Bem Usada', 229.50, '2025-09-23', '/skins/Black Lotus.png', 'disponível', 0.10),
(21, 13, 'M4A1-S | Vaporwave', 'Bem Usada', 229.50, '2025-09-23', '/skins/Vaporwave.png', 'disponível', 0.10),
(22, 14, 'M4A1-S | Solitude', 'Bem Usada', 229.50, '2025-09-23', '/skins/Solitude.png', 'disponível', 0.10),
(23, 14, 'M4A1-S | Icarus Fell', 'Bem Usada', 229.50, '2025-09-23', '/skins/Icarus Fell.png', 'disponível', 0.10),
(24, 1, 'M4A1-S | Moss Quartz', 'Bem Usada', 229.50, '2025-09-23', '/skins/Moss Quartz.png', 'disponível', 0.10),
(25, 1, 'M4A4 | Temukau', 'Bem Usada', 99.90, '2025-09-23', '/skins/M4A4-Temukau.png', 'disponível', 0.10),
(26, 15, 'M4A4 | In Living Color', 'Bem Usada', 99.90, '2025-09-23', '/skins/In Living Color.png', 'disponível', 0.10),
(27, 15, 'M4A4 | Bullet Rain', 'Bem Usada', 99.90, '2025-09-23', '/skins/Bullet Rain.png', 'disponível', 0.10),
(28, 16, 'M4A4 | Converter', 'Bem Usada', 99.90, '2025-09-23', '/skins/Converter.png', 'disponível', 0.10),
(29, 17, 'M4A4 | Desolate Space', 'Bem Usada', 99.90, '2025-09-23', '/skins/Desolate Space.png', 'disponível', 0.10),
(30, 17, 'M4A4 | Neo-Noir', 'Bem Usada', 99.90, '2025-09-23', '/skins/Neo-Noir2.png', 'disponível', 0.10),
(31, 18, 'M4A4 | Radiation Hazard', 'Bem Usada', 99.90, '2025-09-23', '/skins/Radiation Hazard.png', 'disponível', 0.10),
(32, 16, 'M4A4 | Howl', 'Bem Usada', 99.90, '2025-09-23', '/skins/Howl.png', 'disponível', 0.10),
(33, 18, 'MAC-10 | Sakkaku', 'Bem Usada', 149.00, '2025-09-23', '/skins/MAC-10-Sakkaku.png', 'disponível', 0.10),
(34, 19, 'MAC-10 | Light Box', 'Bem Usada', 149.00, '2025-09-23', '/skins/Light Box.png', 'disponível', 0.10),
(35, 19, 'MAC-10 | Heat', 'Bem Usada', 149.00, '2025-09-23', '/skins/Heat.png', 'disponível', 0.10),
(36, 20, 'MAC-10 | Pipe Down', 'Bem Usada', 149.00, '2025-09-23', '/skins/Pipe Down.png', 'disponível', 0.10),
(37, 20, 'MAC-10 | Ensnared', 'Bem Usada', 149.00, '2025-09-23', '/skins/Ensnared.png', 'disponível', 0.10),
(38, 21, 'MAC-10 | Disco Tech', 'Bem Usada', 149.00, '2025-09-23', '/skins/Disco Tech.png', 'disponível', 0.10),
(39, 22, 'MAC-10 | Candy Apple', 'Bem Usada', 149.00, '2025-09-23', '/skins/Candy Apple.png', 'disponível', 0.10),
(40, 21, 'MAC-10 | Ultraviolet', 'Bem Usada', 149.00, '2025-09-23', '/skins/Ultraviolet.png', 'disponível', 0.10),
(41, 23, 'Cano Curto | Kiss♥Love', 'Bem Usada', 199.99, '2025-09-23', '/skins/Cano-Curto-BEIJOS.png', 'disponível', 0.10),
(42, 23, 'Cano Curto | Apocalypto', 'Bem Usada', 199.99, '2025-09-23', '/skins/Apocalypto.png', 'disponível', 0.10),
(43, 24, 'Cano Curto | Devourer', 'Bem Usada', 199.99, '2025-09-23', '/skins/Devourer.png', 'disponível', 0.10),
(44, 24, 'Cano Curto | Analog Input', 'Bem Usada', 199.99, '2025-09-23', '/skins/Analog Input.png', 'disponível', 0.10),
(45, 25, 'Cano Curto | Fubar', 'Bem Usada', 199.99, '2025-09-23', '/skins/Fubar.png', 'disponível', 0.10),
(46, 25, 'Cano Curto | Limelight', 'Bem Usada', 199.99, '2025-09-23', '/skins/Limelight.png', 'disponível', 0.10),
(47, 26, 'Cano Curto | Origami', 'Bem Usada', 199.99, '2025-09-23', '/skins/Origami.png', 'disponível', 0.10),
(48, 26, 'Cano Curto | Wasteland Princess', 'Bem Usada', 199.99, '2025-09-23', '/skins/Wasteland Princess.png', 'disponível', 0.10),
(49, 27, 'AUG | Akihabara Accept', 'Bem Usada', 89.50, '2025-09-23', '/skins/AUG-Akihabara-Accept.png', 'disponível', 0.10),
(50, 27, 'AUG | Random Access', 'Bem Usada', 89.50, '2025-09-23', '/skins/Random Access.png', 'disponível', 0.10),
(51, 28, 'AUG | Carved Jade', 'Bem Usada', 89.50, '2025-09-23', '/skins/Carved Jade.png', 'disponível', 0.10),
(52, 28, 'AUG | Midnight Lily', 'Bem Usada', 89.50, '2025-09-23', '/skins/Midnight Lily.png', 'disponível', 0.10),
(53, 29, 'AUG | Storm', 'Bem Usada', 89.50, '2025-09-23', '/skins/Storm.png', 'disponível', 0.10),
(54, 30, 'AUG | Torque', 'Bem Usada', 89.50, '2025-09-23', '/skins/Torque.png', 'disponível', 0.10),
(55, 29, 'AUG | Anodized Navy', 'Bem Usada', 89.50, '2025-09-23', '/skins/Anodized Navy.png', 'disponível', 0.10),
(56, 31, 'AUG | Hot Rod', 'Bem Usada', 89.50, '2025-09-23', '/Hot Rod.png', 'disponível', 0.10);


INSERT INTO avaliacoes 
(av_id, usu_id, av_nota, av_comentario, av_moderacao) 
VALUES
(1, 1, 5, 'Ótimo usuário, negociação rápida e sem problemas.', 1),
(2, 2, 4, 'Boa experiência, apenas um pequeno atraso no pagamento.', 1),
(3, 3, 3, 'Negociação razoável, poderia ter sido mais clara.', 0),
(4, 4, 5, 'Excelente! Tudo conforme combinado.', 1),
(5, 5, 2, 'Não recomendo, tive problemas durante a transação.', 0),
(6, 6, 5, 'Negociação perfeita!', 1),
(7, 7, 4, 'Usuário confiável.', 1),
(8, 8, 5, 'Muito rápido e seguro.', 1),
(9, 9, 4, 'Boa comunicação.', 1),
(10, 10, 5, 'Excelente experiência.', 1),
(11, 11, 5, 'Negociação tranquila.', 1),
(12, 12, 4, 'Tudo certo.', 1),
(13, 13, 5, 'Recomendo!', 1),
(14, 14, 4, 'Sem problemas.', 1),
(15, 15, 5, 'Ótimo vendedor.', 1),
(16, 16, 5, 'Produto conforme anunciado.', 1),
(17, 17, 4, 'Entrega rápida.', 1),
(18, 18, 5, 'Muito bom!', 1),
(19, 19, 4, 'Negociação honesta.', 1),
(20, 20, 5, 'Tudo certo!', 1),
(21, 21, 5, 'Recomendo!', 1),
(22, 22, 4, 'Bom atendimento.', 1),
(23, 23, 5, 'Negociação excelente.', 1),
(24, 24, 5, 'Ótimo produto.', 1),
(25, 25, 4, 'Entrega dentro do prazo.', 1),
(26, 26, 5, 'Muito bom!', 1),
(27, 27, 5, 'Negociação tranquila.', 1),
(28, 28, 4, 'Tudo certo.', 1),
(29, 29, 5, 'Recomendo!', 1),
(30, 30, 4, 'Sem problemas.', 1),
(31, 31, 5, 'Ótimo vendedor.', 1),
(32, 32, 5, 'Produto conforme anunciado.', 1);


INSERT INTO transacoes (trans_id, usu_id, skin_id, trans_valor, trans_status, trans_data)
VALUES
(201, 1, 1, 129.99, 'pendente', '2025-09-23 10:00:00'),
(202, 2, 2, 129.99, 'concluído', '2025-09-23 10:05:00'),
(203, 3, 3, 129.99, 'cancelado', '2025-09-23 10:10:00'),
(204, 4, 4, 129.99, 'pendente', '2025-09-23 10:15:00'),
(205, 5, 5, 129.99, 'concluído', '2025-09-23 10:20:00'),
(206, 6, 6, 129.99, 'cancelado', '2025-09-23 10:25:00'),
(207, 7, 7, 129.99, 'pendente', '2025-09-23 10:30:00'),
(208, 8, 8, 129.99, 'concluído', '2025-09-23 10:35:00'),
(209, 9, 9, 349.90, 'cancelado', '2025-09-23 10:40:00'),
(210, 10, 11, 349.90, 'pendente', '2025-09-23 10:45:00'),
(211, 11, 13, 349.90, 'concluído', '2025-09-23 10:50:00'),
(212, 12, 15, 349.90, 'cancelado', '2025-09-23 10:55:00'),
(213, 13, 17, 229.50, 'pendente', '2025-09-23 11:00:00'),
(214, 14, 18, 229.50, 'concluído', '2025-09-23 11:05:00'),
(215, 15, 20, 229.50, 'cancelado', '2025-09-23 11:10:00'),
(216, 16, 22, 229.50, 'pendente', '2025-09-23 11:15:00'),
(217, 17, 24, 229.50, 'concluído', '2025-09-23 11:20:00'),
(218, 18, 26, 99.90, 'cancelado', '2025-09-23 11:25:00'),
(219, 19, 29, 99.90, 'pendente', '2025-09-23 11:30:00'),
(220, 20, 31, 99.90, 'concluído', '2025-09-23 11:35:00'),
(221, 21, 33, 149.00, 'cancelado', '2025-09-23 11:40:00'),
(222, 22, 35, 149.00, 'pendente', '2025-09-23 11:45:00'),
(223, 23, 37, 199.99, 'concluído', '2025-09-23 11:50:00'),
(224, 24, 39, 199.99, 'cancelado', '2025-09-23 11:55:00'),
(225, 25, 41, 199.99, 'pendente', '2025-09-23 12:00:00'),
(226, 26, 43, 199.99, 'concluído', '2025-09-23 12:05:00'),
(227, 27, 45, 199.99, 'cancelado', '2025-09-23 12:10:00'),
(228, 28, 47, 199.99, 'pendente', '2025-09-23 12:15:00'),
(229, 29, 49, 89.50, 'concluído', '2025-09-23 12:20:00'),
(230, 30, 51, 89.50, 'cancelado', '2025-09-23 12:25:00'),
(231, 31, 53, 89.50, 'pendente', '2025-09-23 12:30:00'),
(232, 32, 56, 89.50, 'concluído', '2025-09-23 12:35:00');


INSERT INTO ocorrencias
(oco_id, trans_id, oco_valor, oco_situacao, oco_data)
VALUES
(1, 201, 129.99, 'pendente', '2025-09-23 10:01:00'),
(2, 202, 129.99, 'concluída', '2025-09-23 10:06:00'),
(3, 203, 129.99, 'cancelada', '2025-09-23 10:11:00'),
(4, 204, 129.99, 'pendente', '2025-09-23 10:16:00'),
(5, 205, 129.99, 'concluída', '2025-09-23 10:21:00'),
(6, 206, 129.99, 'cancelada', '2025-09-23 10:26:00'),
(7, 207, 129.99, 'pendente', '2025-09-23 10:31:00'),
(8, 208, 129.99, 'concluída', '2025-09-23 10:36:00'),
(9, 209, 349.90, 'cancelada', '2025-09-23 10:41:00'),
(10, 210, 349.90, 'pendente', '2025-09-23 10:46:00'),
(11, 211, 349.90, 'concluída', '2025-09-23 10:51:00'),
(12, 212, 349.90, 'cancelada', '2025-09-23 10:56:00'),
(13, 213, 229.50, 'pendente', '2025-09-23 11:01:00'),
(14, 214, 229.50, 'concluída', '2025-09-23 11:06:00'),
(15, 215, 229.50, 'cancelada', '2025-09-23 11:11:00'),
(16, 216, 229.50, 'pendente', '2025-09-23 11:16:00'),
(17, 217, 229.50, 'concluída', '2025-09-23 11:21:00'),
(18, 218, 99.90, 'cancelada', '2025-09-23 11:26:00'),
(19, 219, 99.90, 'pendente', '2025-09-23 11:31:00'),
(20, 220, 99.90, 'concluída', '2025-09-23 11:36:00'),
(21, 221, 149.00, 'cancelada', '2025-09-23 11:41:00'),
(22, 222, 149.00, 'pendente', '2025-09-23 11:46:00'),
(23, 223, 199.99, 'concluída', '2025-09-23 11:51:00'),
(24, 224, 199.99, 'cancelada', '2025-09-23 11:56:00'),
(25, 225, 199.99, 'pendente', '2025-09-23 12:01:00'),
(26, 226, 199.99, 'concluída', '2025-09-23 12:06:00'),
(27, 227, 199.99, 'cancelada', '2025-09-23 12:11:00'),
(28, 228, 199.99, 'pendente', '2025-09-23 12:16:00'),
(29, 229, 89.50, 'concluída', '2025-09-23 12:21:00'),
(30, 230, 89.50, 'cancelada', '2025-09-23 12:26:00'),
(31, 231, 89.50, 'pendente', '2025-09-23 12:31:00'),
(32, 232, 89.50, 'concluída', '2025-09-23 12:36:00');