INSERT INTO usuarios 
(usu_id, usu_nome, usu_email, usu_senha, usu_steamid, usu_saldo, usu_pix, usu_cpf, usu_adm, usu_img)
VALUES
(1, 'guilherme', 'guilherme@example.com', 'senha123', 'STEAM_111111111', 150.75, 'guilherme@pix.com', '12345678901', 1, 'img-perfil-1.jpeg'),
(2, 'gustavo', 'gustavo@example.com', 'senha456', 'STEAM_222222222', 300.00, 'gustavo@pix.com', '12345678902', 1, 'img-perfil-2.jpeg'),
(3, 'ana', 'ana@example.com', 'senha789', 'STEAM_333333333', 200.00, 'ana@pix.com', '12345678903', 0, 'img-perfil-3.jpeg'),
(4, 'carlos', 'carlos@example.com', 'senha101', 'STEAM_444444444', 180.00, 'carlos@pix.com', '12345678904', 0, 'img-perfil-4.jpeg'),
(5, 'mariana', 'mariana@example.com', 'senha202', 'STEAM_555555555', 250.00, 'mariana@pix.com', '12345678905', 0, 'img-perfil-5.jpeg'),
(6, 'joao', 'joao@example.com', 'senha303', 'STEAM_666666666', 120.00, 'joao@pix.com', '12345678906', 0, 'img-perfil-6.jpeg'),
(7, 'lucas', 'lucas@example.com', 'senha404', 'STEAM_777777777', 180.00, 'lucas@pix.com', '12345678907', 0, 'img-perfil-7.jpeg'),
(8, 'beatriz', 'beatriz@example.com', 'senha505', 'STEAM_888888888', 90.00, 'beatriz@pix.com', '12345678908', 0, 'img-perfil-8.jpeg'),
(9, 'rafael', 'rafael@example.com', 'senha606', 'STEAM_999999999', 210.00, 'rafael@pix.com', '12345678909', 0, 'img-perfil-9.jpeg'),
(10, 'juliana', 'juliana@example.com', 'senha707', 'STEAM_101010101', 130.00, 'juliana@pix.com', '12345678910', 0, 'img-perfil-10.jpeg'),
(11, 'fernando', 'fernando@example.com', 'senha808', 'STEAM_111111112', 170.00, 'fernando@pix.com', '12345678911', 0, 'img-perfil-11.jpeg'),
(12, 'patricia', 'patricia@example.com', 'senha909', 'STEAM_121212121', 160.00, 'patricia@pix.com', '12345678912', 0, 'img-perfil-12.jpeg'),
(13, 'rodrigo', 'rodrigo@example.com', 'senha111', 'STEAM_131313131', 140.00, 'rodrigo@pix.com', '12345678913', 0, 'img-perfil-13.jpeg'),
(14, 'aline', 'aline@example.com', 'senha222', 'STEAM_141414141', 110.00, 'aline@pix.com', '12345678914', 0, 'img-perfil-14.jpeg'),
(15, 'daniel', 'daniel@example.com', 'senha333', 'STEAM_151515151', 115.00, 'daniel@pix.com', '12345678915', 0, 'img-perfil-15.jpeg'),
(16, 'camila', 'camila@example.com', 'senha444', 'STEAM_161616161', 125.00, 'camila@pix.com', '12345678916', 0, 'img-perfil-16.jpeg'),
(17, 'vinicius', 'vinicius@example.com', 'senha555', 'STEAM_171717171', 135.00, 'vinicius@pix.com', '12345678917', 0, 'img-perfil-17.jpeg'),
(18, 'lara', 'lara@example.com', 'senha666', 'STEAM_181818181', 145.00, 'lara@pix.com', '12345678918', 0, 'img-perfil-18.jpeg'),
(19, 'andre', 'andre@example.com', 'senha777', 'STEAM_191919191', 155.00, 'andre@pix.com', '12345678919', 0, 'img-perfil-19.jpeg'),
(20, 'sophia', 'sophia@example.com', 'senha888', 'STEAM_202020202', 165.00, 'sophia@pix.com', '12345678920', 0, 'img-perfil-20.jpeg'),
(21, 'marcos', 'marcos@example.com', 'senha999', 'STEAM_212121212', 175.00, 'marcos@pix.com', '12345678921', 0, 'img-perfil-21.jpeg'),
(22, 'luana', 'luana@example.com', 'senha000', 'STEAM_222222223', 185.00, 'luana@pix.com', '12345678922', 0, 'img-perfil-22.jpeg'),
(23, 'felipe', 'felipe@example.com', 'senha321', 'STEAM_232323232', 195.00, 'felipe@pix.com', '12345678923', 0, 'img-perfil-23.jpeg'),
(24, 'isabela', 'isabela@example.com', 'senha654', 'STEAM_242424242', 205.00, 'isabela@pix.com', '12345678924', 0, 'img-perfil-24.jpeg'),
(25, 'eduardo', 'eduardo@example.com', 'senha987', 'STEAM_252525252', 215.00, 'eduardo@pix.com', '12345678925', 0, 'img-perfil-25.jpeg'),
(26, 'carla', 'carla@example.com', 'senha147', 'STEAM_262626262', 225.00, 'carla@pix.com', '12345678926', 0, 'img-perfil-26.jpeg'),
(27, 'thiago', 'thiago@example.com', 'senha258', 'STEAM_272727272', 235.00, 'thiago@pix.com', '12345678927', 0, 'img-perfil-27.jpeg'),
(28, 'leticia', 'leticia@example.com', 'senha369', 'STEAM_282828282', 245.00, 'leticia@pix.com', '12345678928', 0, 'img-perfil-28.jpeg'),
(29, 'matheus', 'matheus@example.com', 'senha159', 'STEAM_292929292', 255.00, 'matheus@pix.com', '12345678929', 0, 'img-perfil-29.jpeg'),
(30, 'bruna', 'bruna@example.com', 'senha753', 'STEAM_303030303', 265.00, 'bruna@pix.com', '12345678930', 0, 'img-perfil-30.jpeg');


INSERT INTO skins
(skin_id, usu_id, skin_nome, skin_cond, skin_preco, skin_data, skin_img, skin_status, skin_float)
VALUES
(1, 1, 'AK-47 | Redline', 'Bem Usada', 129.99, '2025-09-23', '/skins/ak-red.png', 'disponível', 0.10),
(2, 2, 'AK-47 | Nightwish', 'Bem Usada', 129.99, '2025-09-23', '/skins/AK-47 Nightwish.png', 'disponível', 0.10),
(3, 3, 'AK-47 | Wild Lotus', 'Bem Usada', 129.99, '2025-09-23', '/skins/Wild Lotus.png', 'disponível', 0.10),
(4, 4, 'AK-47 | Frontside Misty', 'Bem Usada', 129.99, '2025-09-23', '/skins/Frontside Misty.png', 'disponível', 0.10),
(5, 5, 'AK-47 | Neon Rider', 'Bem Usada', 129.99, '2025-09-23', '/skins/Neon Rider.png', 'disponível', 0.10),
(6, 6, 'AK-47 | Neon Revolution', 'Bem Usada', 129.99, '2025-09-23', '/skins/Neon Revolution.png', 'disponível', 0.10),
(7, 7, 'AK-47 | Case Hardened', 'Bem Usada', 129.99, '2025-09-23', '/skins/Case Hardened.png', 'disponível', 0.10),
(8, 8, 'AK-47 | Gold Arabesque', 'Bem Usada', 129.99, '2025-09-23', '/skins/Gold Arabesque.png', 'disponível', 0.10),
(9, 9, 'AWP | Asiimov', 'Bem Usada', 349.90, '2025-09-23', '/skins/awp-assimov.png', 'disponível', 0.10),
(10, 10, 'AWP | Chromatic Aberration', 'Bem Usada', 349.90, '2025-09-23', '/skins/Chromatic Aberration.png', 'disponível', 0.10),
(11, 11, 'AWP | Atheris', 'Bem Usada', 349.90, '2025-09-23', '/skins/Atheris.png', 'disponível', 0.10),
(12, 12, 'AWP | CMYK', 'Bem Usada', 349.90, '2025-09-23', '/skins/CMYK.png', 'disponível', 0.10),
(13, 13, 'AWP | Hyper Beast', 'Bem Usada', 349.90, '2025-09-23', '/skins/Hyper Beast.png', 'disponível', 0.10),
(14, 14, 'AWP | Neo-Noir', 'Bem Usada', 349.90, '2025-09-23', '/skins/Neo-Noir.png', 'disponível', 0.10),
(15, 15, 'AWP | Fever Dream', 'Bem Usada', 349.90, '2025-09-23', '/skins/Fever Dream.png', 'disponível', 0.10),
(16, 16, 'AWP | Oni Taiji', 'Bem Usada', 349.90, '2025-09-23', '/skins/Oni Taiji.png', 'disponível', 0.10),
(17, 17, 'M4A1-S | Hyper Beast', 'Bem Usada', 229.50, '2025-09-23', '/skins/m4a1.png', 'disponível', 0.10),
(18, 18, 'M4A1-S | Stratosphere', 'Bem Usada', 229.50, '2025-09-23', '/skins/Stratosphere.png', 'disponível', 0.10),
(19, 19, 'M4A1-S | Decimator', 'Bem Usada', 229.50, '2025-09-23', '/skins/Decimator.png', 'disponível', 0.10),
(20, 20, 'M4A1-S | Black Lotus', 'Bem Usada', 229.50, '2025-09-23', '/skins/Black Lotus.png', 'disponível', 0.10),
(21, 21, 'M4A1-S | Vaporwave', 'Bem Usada', 229.50, '2025-09-23', '/skins/Vaporwave.png', 'disponível', 0.10),
(22, 22, 'M4A1-S | Solitude', 'Bem Usada', 229.50, '2025-09-23', '/skins/Solitude.png', 'disponível', 0.10),
(23, 23, 'M4A1-S | Icarus Fell', 'Bem Usada', 229.50, '2025-09-23', '/skins/Icarus Fell.png', 'disponível', 0.10),
(24, 24, 'M4A1-S | Moss Quartz', 'Bem Usada', 229.50, '2025-09-23', '/skins/Moss Quartz.png', 'disponível', 0.10),
(25, 25, 'M4A4 | Temukau', 'Bem Usada', 99.90, '2025-09-23', '/skins/M4A4-Temukau.png', 'disponível', 0.10),
(26, 26, 'M4A4 | In Living Color', 'Bem Usada', 99.90, '2025-09-23', '/skins/In Living Color.png', 'disponível', 0.10),
(27, 27, 'M4A4 | Bullet Rain', 'Bem Usada', 99.90, '2025-09-23', '/skins/Bullet Rain.png', 'disponível', 0.10),
(28, 28, 'M4A4 | Converter', 'Bem Usada', 99.90, '2025-09-23', '/skins/Converter.png', 'disponível', 0.10),
(29, 29, 'M4A4 | Desolate Space', 'Bem Usada', 99.90, '2025-09-23', '/skins/Desolate Space.png', 'disponível', 0.10),
(30, 30, 'M4A4 | Neo-Noir', 'Bem Usada', 99.90, '2025-09-23', '/skins/Neo-Noir2.png', 'disponível', 0.10);


INSERT INTO avaliacoes 
(av_id, usu_id, av_nota, av_comentario, av_moderacao) 
VALUES
(1, 1, 5, 'Ótimo usuário, negociação rápida e sem problemas.', 1),
(2, 2, 4, 'Boa experiência, apenas um pequeno atraso no pagamento.', 1),
(3, 3, 5, 'Negociação excelente.', 1),
(4, 4, 3, 'Poderia ser melhor.', 0),
(5, 5, 5, 'Muito bom.', 1),
(6, 6, 4, 'Satisfeito.', 1),
(7, 7, 5, 'Recomendo.', 1),
(8, 8, 3, 'Regular.', 0),
(9, 9, 4, 'Bom atendimento.', 1),
(10, 10, 5, 'Excelente.', 1),
(11, 11, 5, 'Negociação tranquila.', 1),
(12, 12, 4, 'Tudo certo.', 1),
(13, 13, 5, 'Recomendo!', 1),
(14, 14, 4, 'Sem problemas.', 1),
(15, 15, 5, 'Ótimo vendedor.', 1),
(16, 16, 5, 'Produto conforme anunciado.', 1),
(17, 17, 4, 'Entrega rápida.', 1),
(18, 18, 5, 'Muito bom!', 1),
(19, 19, 4, 'Negociação honesta.', 1),
(20, 20, 5, 'Tudo certo!', 1),
(21, 21, 5, 'Recomendo!', 1),
(22, 22, 4, 'Bom atendimento.', 1),
(23, 23, 5, 'Negociação excelente.', 1),
(24, 24, 5, 'Ótimo produto.', 1),
(25, 25, 4, 'Entrega dentro do prazo.', 1),
(26, 26, 5, 'Muito bom!', 1),
(27, 27, 5, 'Negociação tranquila.', 1),
(28, 28, 4, 'Tudo certo.', 1),
(29, 29, 5, 'Recomendo!', 1),
(30, 30, 4, 'Sem problemas.', 1);


INSERT INTO transacoes (trans_id, usu_id, skin_id, trans_valor, trans_status, trans_data)
VALUES
(201, 1, 1, 129.99, 'pendente', '2025-09-23 10:00:00'),
(202, 2, 2, 129.99, 'concluído', '2025-09-23 10:05:00'),
(203, 3, 3, 129.99, 'pendente', '2025-09-23 10:10:00'),
(204, 4, 4, 129.99, 'concluído', '2025-09-23 10:15:00'),
(205, 5, 5, 129.99, 'pendente', '2025-09-23 10:20:00'),
(206, 6, 6, 129.99, 'concluído', '2025-09-23 10:25:00'),
(207, 7, 7, 129.99, 'pendente', '2025-09-23 10:30:00'),
(208, 8, 8, 129.99, 'concluído', '2025-09-23 10:35:00'),
(209, 9, 9, 349.90, 'pendente', '2025-09-23 10:40:00'),
(210, 10, 10, 349.90, 'concluído', '2025-09-23 10:45:00'),
(211, 11, 11, 349.90, 'pendente', '2025-09-23 10:50:00'),
(212, 12, 12, 349.90, 'concluído', '2025-09-23 10:55:00'),
(213, 13, 13, 349.90, 'pendente', '2025-09-23 11:00:00'),
(214, 14, 14, 349.90, 'concluído', '2025-09-23 11:05:00'),
(215, 15, 15, 349.90, 'pendente', '2025-09-23 11:10:00'),
(216, 16, 16, 349.90, 'concluído', '2025-09-23 11:15:00'),
(217, 17, 17, 229.50, 'pendente', '2025-09-23 11:20:00'),
(218, 18, 18, 229.50, 'concluído', '2025-09-23 11:25:00'),
(219, 19, 19, 229.50, 'pendente', '2025-09-23 11:30:00'),
(220, 20, 20, 229.50, 'concluído', '2025-09-23 11:35:00'),
(221, 21, 21, 229.50, 'pendente', '2025-09-23 11:40:00'),
(222, 22, 22, 229.50, 'concluído', '2025-09-23 11:45:00'),
(223, 23, 23, 229.50, 'pendente', '2025-09-23 11:50:00'),
(224, 24, 24, 229.50, 'concluído', '2025-09-23 11:55:00'),
(225, 25, 25, 99.90, 'pendente', '2025-09-23 12:00:00'),
(226, 26, 26, 99.90, 'concluído', '2025-09-23 12:05:00'),
(227, 27, 27, 99.90, 'pendente', '2025-09-23 12:10:00'),
(228, 28, 28, 99.90, 'concluído', '2025-09-23 12:15:00'),
(229, 29, 29, 99.90, 'pendente', '2025-09-23 12:20:00'),
(230, 30, 30, 99.90, 'concluído', '2025-09-23 12:25:00');


INSERT INTO ocorrencias
(oco_id, trans_id, oco_valor, oco_situacao, oco_data)
VALUES
(1, 201, 129.99, 'pendente', '2025-09-23 10:01:00'),
(2, 202, 129.99, 'concluída', '2025-09-23 10:06:00'),
(3, 203, 129.99, 'pendente', '2025-09-23 10:11:00'),
(4, 204, 129.99, 'concluída', '2025-09-23 10:16:00'),
(5, 205, 129.99, 'pendente', '2025-09-23 10:21:00'),
(6, 206, 129.99, 'concluída', '2025-09-23 10:26:00'),
(7, 207, 129.99, 'pendente', '2025-09-23 10:31:00'),
(8, 208, 129.99, 'concluída', '2025-09-23 10:36:00'),
(9, 209, 349.90, 'pendente', '2025-09-23 10:41:00'),
(10, 210, 349.90, 'concluída', '2025-09-23 10:46:00'),
(11, 211, 349.90, 'pendente', '2025-09-23 10:51:00'),
(12, 212, 349.90, 'concluída', '2025-09-23 10:56:00'),
(13, 213, 349.90, 'pendente', '2025-09-23 11:01:00'),
(14, 214, 349.90, 'concluída', '2025-09-23 11:06:00'),
(15, 215, 349.90, 'pendente', '2025-09-23 11:11:00'),
(16, 216, 349.90, 'concluída', '2025-09-23 11:16:00'),
(17, 217, 229.50, 'pendente', '2025-09-23 11:21:00'),
(18, 218, 229.50, 'concluída', '2025-09-23 11:26:00'),
(19, 219, 229.50, 'pendente', '2025-09-23 11:31:00'),
(20, 220, 229.50, 'concluída', '2025-09-23 11:36:00'),
(21, 221, 229.50, 'pendente', '2025-09-23 11:41:00'),
(22, 222, 229.50, 'concluída', '2025-09-23 11:46:00'),
(23, 223, 229.50, 'pendente', '2025-09-23 11:51:00'),
(24, 224, 229.50, 'concluída', '2025-09-23 11:56:00'),
(25, 225, 99.90, 'pendente', '2025-09-23 12:01:00'),
(26, 226, 99.90, 'concluída', '2025-09-23 12:06:00'),
(27, 227, 99.90, 'pendente', '2025-09-23 12:11:00'),
(28, 228, 99.90, 'concluída', '2025-09-23 12:16:00'),
(29, 229, 99.90, 'pendente', '2025-09-23 12:21:00'),
(30, 230, 99.90, 'concluída', '2025-09-23 12:26:00');