INSERT INTO usuarios 
(usu_id, usu_nome, usu_email, usu_senha, usu_steamid, usu_saldo, usu_pix, usu_cpf, usu_adm, usu_img)
VALUES
(1, 'guilherme', 'guilherme@example.com', 'senha123', 'STEAM_111111111', 150.75, 'guilherme@pix.com', '12345678901', 1, 'img-perfil-1.jpeg'),
(2, 'gustavo', 'gustavo@example.com', 'senha456', 'STEAM_222222222', 300.00, 'gustavo@pix.com', '12345678902', 1, 'img-perfil-2.jpeg'),
(3, 'ana', 'ana@example.com', 'senha789', 'STEAM_333333333', 200.00, 'ana@pix.com', '12345678903', 0, 'img-sem-perfil.png'),
(4, 'carlos', 'carlos@example.com', 'senha101', 'STEAM_444444444', 180.00, 'carlos@pix.com', '12345678904', 0, 'img-sem-perfil.png'),
(5, 'mariana', 'mariana@example.com', 'senha202', 'STEAM_555555555', 250.00, 'mariana@pix.com', '12345678905', 0, 'img-sem-perfil.png'),
(6, 'joao', 'joao@example.com', 'senha303', 'STEAM_666666666', 120.00, 'joao@pix.com', '12345678906', 0, 'img-sem-perfil.png'),
(7, 'lucas', 'lucas@example.com', 'senha404', 'STEAM_777777777', 180.00, 'lucas@pix.com', '12345678907', 0, 'img-sem-perfil.png'),
(8, 'beatriz', 'beatriz@example.com', 'senha505', 'STEAM_888888888', 90.00, 'beatriz@pix.com', '12345678908', 0, 'img-sem-perfil.png'),
(9, 'rafael', 'rafael@example.com', 'senha606', 'STEAM_999999999', 210.00, 'rafael@pix.com', '12345678909', 0, 'img-sem-perfil.png'),
(10, 'juliana', 'juliana@example.com', 'senha707', 'STEAM_101010101', 130.00, 'juliana@pix.com', '12345678910', 0, 'img-sem-perfil.png'),
(11, 'fernando', 'fernando@example.com', 'senha808', 'STEAM_111111112', 170.00, 'fernando@pix.com', '12345678911', 0, 'img-sem-perfil.png'),
(12, 'patricia', 'patricia@example.com', 'senha909', 'STEAM_121212121', 160.00, 'patricia@pix.com', '12345678912', 0, 'img-sem-perfil.png'),
(13, 'rodrigo', 'rodrigo@example.com', 'senha111', 'STEAM_131313131', 140.00, 'rodrigo@pix.com', '12345678913', 0, 'img-sem-perfil.png'),
(14, 'aline', 'aline@example.com', 'senha222', 'STEAM_141414141', 110.00, 'aline@pix.com', '12345678914', 0, 'img-sem-perfil.png'),
(15, 'daniel', 'daniel@example.com', 'senha333', 'STEAM_151515151', 115.00, 'daniel@pix.com', '12345678915', 0, 'img-sem-perfil.png'),
(16, 'camila', 'camila@example.com', 'senha444', 'STEAM_161616161', 125.00, 'camila@pix.com', '12345678916', 0, 'img-sem-perfil.png'),
(17, 'vinicius', 'vinicius@example.com', 'senha555', 'STEAM_171717171', 135.00, 'vinicius@pix.com', '12345678917', 0, 'img-sem-perfil.png'),
(18, 'lara', 'lara@example.com', 'senha666', 'STEAM_181818181', 145.00, 'lara@pix.com', '12345678918', 0, 'img-sem-perfil.png'),
(19, 'andre', 'andre@example.com', 'senha777', 'STEAM_191919191', 155.00, 'andre@pix.com', '12345678919', 0, 'img-sem-perfil.png'),
(20, 'sophia', 'sophia@example.com', 'senha888', 'STEAM_202020202', 165.00, 'sophia@pix.com', '12345678920', 0, 'img-sem-perfil.png'),
(21, 'marcos', 'marcos@example.com', 'senha999', 'STEAM_212121212', 175.00, 'marcos@pix.com', '12345678921', 0, 'img-sem-perfil.png'),
(22, 'luana', 'luana@example.com', 'senha000', 'STEAM_222222223', 185.00, 'luana@pix.com', '12345678922', 0, 'img-sem-perfil.png'),
(23, 'felipe', 'felipe@example.com', 'senha321', 'STEAM_232323232', 195.00, 'felipe@pix.com', '12345678923', 0, 'img-sem-perfil.png'),
(24, 'isabela', 'isabela@example.com', 'senha654', 'STEAM_242424242', 205.00, 'isabela@pix.com', '12345678924', 0, 'img-sem-perfil.png'),
(25, 'eduardo', 'eduardo@example.com', 'senha987', 'STEAM_252525252', 215.00, 'eduardo@pix.com', '12345678925', 0, 'img-sem-perfil.png'),
(26, 'carla', 'carla@example.com', 'senha147', 'STEAM_262626262', 225.00, 'carla@pix.com', '12345678926', 0, 'img-sem-perfil.png'),
(27, 'thiago', 'thiago@example.com', 'senha258', 'STEAM_272727272', 235.00, 'thiago@pix.com', '12345678927', 0, 'img-sem-perfil.png'),
(28, 'leticia', 'leticia@example.com', 'senha369', 'STEAM_282828282', 245.00, 'leticia@pix.com', '12345678928', 0, 'img-sem-perfil.png'),
(29, 'matheus', 'matheus@example.com', 'senha159', 'STEAM_292929292', 255.00, 'matheus@pix.com', '12345678929', 0, 'img-sem-perfil.png'),
(30, 'bruna', 'bruna@example.com', 'senha753', 'STEAM_303030303', 265.00, 'bruna@pix.com', '12345678930', 0, 'img-sem-perfil.png');



INSERT INTO skins
(skin_id, usu_id, skin_nome, skin_cond, skin_preco, skin_data, skin_img, skin_status, skin_float)
VALUES
(1, 1, 'nightwish', 'Bem Usada', 129.99, '2025-09-23', 'nightwish', 'disponível', 0.10),
(2, 2, 'red', 'Bem Usada', 129.99, '2025-09-23', 'red', 'disponível', 0.10),
(3, 3, 'analog-input', 'Bem Usada', 129.99, '2025-09-23', 'analog-input', 'disponível', 0.10),
(4, 4, 'anodized-navy', 'Bem Usada', 129.99, '2025-09-23', 'anodized-navy', 'disponível', 0.10),
(5, 5, 'apocalypto', 'Bem Usada', 129.99, '2025-09-23', 'apocalypto', 'disponível', 0.10),
(6, 6, 'arambit-freehand', 'Bem Usada', 129.99, '2025-09-23', 'arambit-freehand', 'disponível', 0.10),
(7, 7, 'atheris', 'Bem Usada', 129.99, '2025-09-23', 'atheris', 'disponível', 0.10),
(8, 8, 'aug-akihabara-accept', 'Bem Usada', 129.99, '2025-09-23', 'aug-akihabara-accept', 'disponível', 0.10),
(9, 9, 'aug-hot-rod', 'Bem Usada', 349.90, '2025-09-23', 'aug-hot-rod', 'disponível', 0.10),
(10, 10, 'awp-assimov', 'Bem Usada', 349.90, '2025-09-23', 'awp-assimov', 'disponível', 0.10),
(11, 11, 'black-lotus', 'Bem Usada', 349.90, '2025-09-23', 'black-lotus', 'disponível', 0.10),
(12, 12, 'bullet-rain', 'Bem Usada', 349.90, '2025-09-23', 'bullet-rain', 'disponível', 0.10),
(13, 13, 'candy-apple', 'Bem Usada', 349.90, '2025-09-23', 'candy-apple', 'disponível', 0.10),
(14, 14, 'cano-curto-beijos', 'Bem Usada', 349.90, '2025-09-23', 'cano-curto-beijos', 'disponível', 0.10),
(15, 15, 'carved-jade', 'Bem Usada', 349.90, '2025-09-23', 'carved-jade', 'disponível', 0.10),
(16, 16, 'case-hardened', 'Bem Usada', 349.90, '2025-09-23', 'case-hardened', 'disponível', 0.10),
(17, 17, 'chromatic-aberration', 'Bem Usada', 229.50, '2025-09-23', 'chromatic-aberration', 'disponível', 0.10),
(18, 18, 'cmyk', 'Bem Usada', 229.50, '2025-09-23', 'cmyk', 'disponível', 0.10),
(19, 19, 'converter', 'Bem Usada', 229.50, '2025-09-23', 'converter', 'disponível', 0.10),
(20, 20, 'decimator', 'Bem Usada', 229.50, '2025-09-23', 'decimator', 'disponível', 0.10),
(21, 21, 'desolate-space', 'Bem Usada', 229.50, '2025-09-23', 'desolate-space', 'disponível', 0.10),
(22, 22, 'devourer', 'Bem Usada', 229.50, '2025-09-23', 'devourer', 'disponível', 0.10),
(23, 23, 'disco-tech', 'Bem Usada', 229.50, '2025-09-23', 'disco-tech', 'disponível', 0.10),
(24, 24, 'ensnared', 'Bem Usada', 229.50, '2025-09-23', 'ensnared', 'disponível', 0.10),
(25, 25, 'fever-dream', 'Bem Usada', 99.90, '2025-09-23', 'fever-dream', 'disponível', 0.10),
(26, 26, 'frontside-misty', 'Bem Usada', 99.90, '2025-09-23', 'frontside-misty', 'disponível', 0.10),
(27, 27, 'fubar', 'Bem Usada', 99.90, '2025-09-23', 'fubar', 'disponível', 0.10),
(28, 28, 'glock-18-bunsen-burner', 'Bem Usada', 99.90, '2025-09-23', 'glock-18-bunsen-burner', 'disponível', 0.10),
(29, 29, 'glock-18-franklin', 'Bem Usada', 99.90, '2025-09-23', 'glock-18-franklin', 'disponível', 0.10),
(30, 30, 'glock-18-neo-noir', 'Bem Usada', 99.90, '2025-09-23', 'glock-18-neo-noir', 'disponível', 0.10),
(31, 20, 'glock-18-shinobu', 'Bem Usada', 99.90, '2025-09-30', 'glock-18-shinobu', 'disponível', 0.10),
(32, 18, 'glock-18-snack-attack', 'Bem Usada', 99.90, '2025-09-30', 'glock-18-snack-attack', 'disponível', 0.10),
(33, 20, 'glock-18-vogue', 'Bem Usada', 149.00, '2025-09-30', 'glock-18-vogue', 'disponível', 0.10),
(34, 21, 'glock-18-water-elemental', 'Bem Usada', 149.00, '2025-09-30', 'glock-18-water-elemental', 'disponível', 0.10),
(35, 21, 'gold-arabesque', 'Bem Usada', 149.00, '2025-09-30', 'gold-arabesque', 'disponível', 0.10),
(36, 22, 'heat', 'Bem Usada', 149.00, '2025-09-30', 'heat', 'disponível', 0.10),
(37, 22, 'howl', 'Bem Usada', 149.00, '2025-09-30', 'howl', 'disponível', 0.10),
(38, 23, 'hyper-beast', 'Bem Usada', 149.00, '2025-09-30', 'hyper-beast', 'disponível', 0.10),
(39, 24, 'icarus-fell', 'Bem Usada', 149.00, '2025-09-30', 'icarus-fell', 'disponível', 0.10),
(40, 23, 'in-living-color', 'Bem Usada', 149.00, '2025-09-30', 'in-living-color', 'disponível', 0.10),
(41, 25, 'karambit-doppler', 'Bem Usada', 199.99, '2025-09-30', 'karambit-doppler', 'disponível', 0.10),
(42, 25, 'karambit-ultraviolet', 'Bem Usada', 199.99, '2025-09-30', 'karambit-ultraviolet', 'disponível', 0.10),
(43, 26, 'light-box', 'Bem Usada', 199.99, '2025-09-30', 'light-box', 'disponível', 0.10),
(44, 26, 'limelight', 'Bem Usada', 199.99, '2025-09-30', 'limelight', 'disponível', 0.10),
(45, 27, 'm4a1', 'Bem Usada', 199.99, '2025-09-30', 'm4a1', 'disponível', 0.10),
(46, 27, 'm4a4-temukau', 'Bem Usada', 199.99, '2025-09-30', 'm4a4-temukau', 'disponível', 0.10),
(47, 28, 'mac-10-sakkaku', 'Bem Usada', 199.99, '2025-09-30', 'mac-10-sakkaku', 'disponível', 0.10),
(48, 28, 'midnight-lily', 'Bem Usada', 199.99, '2025-09-30', 'midnight-lily', 'disponível', 0.10),
(49, 29, 'moss-quartz', 'Bem Usada', 89.50, '2025-09-30', 'moss-quartz', 'disponível', 0.10),
(50, 29, 'neo-noir', 'Bem Usada', 89.50, '2025-09-30', 'neo-noir', 'disponível', 0.10),
(51, 30, 'neo-noir2', 'Bem Usada', 89.50, '2025-09-30', 'neo-noir2', 'disponível', 0.10),
(52, 1, 'neon-revolution', 'Bem Usada', 89.50, '2025-09-30', 'neon-revolution', 'disponível', 0.10),
(53, 2, 'neon-rider', 'Bem Usada', 89.50, '2025-09-30', 'neon-rider', 'disponível', 0.10),
(54, 3, 'oni-taiji', 'Bem Usada', 89.50, '2025-09-30', 'oni-taiji', 'disponível', 0.10),
(55, 4, 'origami', 'Bem Usada', 89.50, '2025-09-30', 'origami', 'disponível', 0.10),
(56, 5, 'p90-asiimov', 'Bem Usada', 89.50, '2025-09-30', 'p90-asiimov', 'disponível', 0.10),
(57, 6, 'p90-attack-vector', 'Bem Usada', 89.50, '2025-09-30', 'p90-attack-vector', 'disponível', 0.10),
(58, 7, 'p90-cold-blooded', 'Bem Usada', 89.50, '2025-09-30', 'p90-cold-blooded', 'disponível', 0.10),
(59, 8, 'p90-fallout-warning', 'Bem Usada', 89.50, '2025-09-30', 'p90-fallout-warning', 'disponível', 0.10),
(60, 9, 'p90-grim', 'Bem Usada', 89.50, '2025-09-30', 'p90-grim', 'disponível', 0.10),
(61, 10, 'p90-neoqueen', 'Bem Usada', 89.50, '2025-09-30', 'p90-neoqueen', 'disponível', 0.10),
(62, 11, 'p90-wave-breaker', 'Bem Usada', 89.50, '2025-09-30', 'p90-wave-breaker', 'disponível', 0.10),
(63, 12, 'pipe-down', 'Bem Usada', 89.50, '2025-09-30', 'pipe-down', 'disponível', 0.10),
(65, 13, 'radiation-hazard', 'Bem Usada', 89.50, '2025-09-30', 'radiation-hazard', 'disponível', 0.10),
(66, 14, 'random-access', 'Bem Usada', 89.50, '2025-09-30', 'random-access', 'disponível', 0.10),
(67, 15, 'red', 'Bem Usada', 89.50, '2025-09-30', 'red', 'disponível', 0.10),
(68, 16, 'scar-20-bloodsport', 'Bem Usada', 89.50, '2025-09-30', 'scar-20-bloodsport', 'disponível', 0.10),
(69, 17, 'scar-20-cyrex', 'Bem Usada', 89.50, '2025-09-30', 'scar-20-cyrex', 'disponível', 0.10),
(70, 18, 'scar-20-enforcer', 'Bem Usada', 89.50, '2025-09-30', 'scar-20-enforcer', 'disponível', 0.10),
(71, 19, 'scar-20-jungle-slipstream', 'Bem Usada', 89.50, '2025-09-30', 'scar-20-jungle-slipstream', 'disponível', 0.10),
(72, 20, 'scar-20-magna-carta', 'Bem Usada', 89.50, '2025-09-30', 'scar-20-magna-carta', 'disponível', 0.10),
(73, 21, 'scar-20-short-ochre', 'Bem Usada', 89.50, '2025-09-30', 'scar-20-short-ochre', 'disponível', 0.10),
(74, 22, 'scar-20-wild-berry', 'Bem Usada', 89.50, '2025-09-30', 'scar-20-wild-berry', 'disponível', 0.10),
(75, 23, 'shadow-daggers-bright-water', 'Bem Usada', 89.50, '2025-09-30', 'shadow-daggers-bright-water', 'disponível', 0.10),
(76, 24, 'shadow-daggers-crimson-web', 'Bem Usada', 89.50, '2025-09-30', 'shadow-daggers-crimson-web', 'disponível', 0.10),
(77, 25, 'shadow-daggers-fade', 'Bem Usada', 89.50, '2025-09-30', 'shadow-daggers-fade', 'disponível', 0.10),
(78, 26, 'solitude', 'Bem Usada', 89.50, '2025-09-30', 'solitude', 'disponível', 0.10),
(79, 27, 'storm', 'Bem Usada', 89.50, '2025-09-30', 'storm', 'disponível', 0.10),
(80, 28, 'stratosphere', 'Bem Usada', 89.50, '2025-09-30', 'stratosphere', 'disponível', 0.10),
(81, 29, 'talon-knife-fade', 'Bem Usada', 89.50, '2025-09-30', 'talon-knife-fade', 'disponível', 0.10),
(82, 30, 'tec-9-brass', 'Bem Usada', 89.50, '2025-09-30', 'tec-9-brass', 'disponível', 0.10),
(83, 1, 'tec-9-decimator', 'Bem Usada', 89.50, '2025-09-30', 'tec-9-decimator', 'disponível', 0.10),
(84, 2, 'tec-9-isaac', 'Bem Usada', 89.50, '2025-09-30', 'tec-9-isaac', 'disponível', 0.10),
(85, 3, 'tec-9-nuclear-threat', 'Bem Usada', 89.50, '2025-09-30', 'tec-9-nuclear-threat', 'disponível', 0.10),
(86, 4, 'tec-9-raw-ceramic', 'Bem Usada', 89.50, '2025-09-30', 'tec-9-raw-ceramic', 'disponível', 0.10),
(87, 5, 'tec-9-titanium-bit', 'Bem Usada', 89.50, '2025-09-30', 'tec-9-titanium-bit', 'disponível', 0.10),
(88, 6, 'tec-9-whiteout', 'Bem Usada', 89.50, '2025-09-30', 'tec-9-whiteout', 'disponível', 0.10),
(89, 7, 'torque', 'Bem Usada', 89.50, '2025-09-30', 'torque', 'disponível', 0.10),
(90, 8, 'ultraviolet', 'Bem Usada', 89.50, '2025-09-30', 'ultraviolet', 'disponível', 0.10),
(91, 9, 'ump-45-arctic-wolf', 'Bem Usada', 89.50, '2025-09-30', 'ump-45-arctic-wolf', 'disponível', 0.10),
(92, 10, 'ump-45-blaze', 'Bem Usada', 89.50, '2025-09-30', 'ump-45-blaze', 'disponível', 0.10),
(93, 11, 'ump-45-caramel', 'Bem Usada', 89.50, '2025-09-30', 'ump-45-caramel', 'disponível', 0.10),
(94, 12, 'ump-45-crime-scene', 'Bem Usada', 89.50, '2025-09-30', 'ump-45-crime-scene', 'disponível', 0.10),
(95, 13, 'ump-45-exposure', 'Bem Usada', 89.50, '2025-09-30', 'ump-45-exposure', 'disponível', 0.10),
(96, 14, 'ump-45-neo-noir', 'Bem Usada', 89.50, '2025-09-30', 'ump-45-neo-noir', 'disponível', 0.10),
(97, 15, 'ump-45-scaffold', 'Bem Usada', 89.50, '2025-09-30', 'ump-45-scaffold', 'disponível', 0.10),
(98, 16, 'vaporwave', 'Bem Usada', 89.50, '2025-09-30', 'vaporwave', 'disponível', 0.10);


INSERT INTO avaliacoes 
(av_id, usu_id, av_nota, av_comentario, av_moderacao) 
VALUES
(1, 1, 5, 'Ótimo usuário, negociação rápida e sem problemas.', 1),
(2, 2, 4, 'Boa experiência, apenas um pequeno atraso no pagamento.', 1),
(3, 3, 5, 'Negociação excelente.', 1),
(4, 4, 3, 'Poderia ser melhor.', 0),
(5, 5, 5, 'Muito bom.', 1),
(6, 6, 4, 'Satisfeito.', 1),
(7, 7, 5, 'Recomendo.', 1),
(8, 8, 3, 'Regular.', 0),
(9, 9, 4, 'Bom atendimento.', 1),
(10, 10, 5, 'Excelente.', 1),
(11, 11, 5, 'Negociação tranquila.', 1),
(12, 12, 4, 'Tudo certo.', 1),
(13, 13, 5, 'Recomendo!', 1),
(14, 14, 4, 'Sem problemas.', 1),
(15, 15, 5, 'Ótimo vendedor.', 1),
(16, 16, 5, 'Produto conforme anunciado.', 1),
(17, 17, 4, 'Entrega rápida.', 1),
(18, 18, 5, 'Muito bom!', 1),
(19, 19, 4, 'Negociação honesta.', 1),
(20, 20, 5, 'Tudo certo!', 1),
(21, 21, 5, 'Recomendo!', 1),
(22, 22, 4, 'Bom atendimento.', 1),
(23, 23, 5, 'Negociação excelente.', 1),
(24, 24, 5, 'Ótimo produto.', 1),
(25, 25, 4, 'Entrega dentro do prazo.', 1),
(26, 26, 5, 'Muito bom!', 1),
(27, 27, 5, 'Negociação tranquila.', 1),
(28, 28, 4, 'Tudo certo.', 1),
(29, 29, 5, 'Recomendo!', 1),
(30, 30, 4, 'Sem problemas.', 1);


INSERT INTO transacoes (trans_id, usu_id, skin_id, trans_valor, trans_status, trans_data)
VALUES
(201, 1, 1, 129.99, 'pendente', '2025-09-23 10:00:00'),
(202, 2, 2, 129.99, 'concluído', '2025-09-23 10:05:00'),
(203, 3, 3, 129.99, 'pendente', '2025-09-23 10:10:00'),
(204, 4, 4, 129.99, 'concluído', '2025-09-23 10:15:00'),
(205, 5, 5, 129.99, 'pendente', '2025-09-23 10:20:00'),
(206, 6, 6, 129.99, 'concluído', '2025-09-23 10:25:00'),
(207, 7, 7, 129.99, 'pendente', '2025-09-23 10:30:00'),
(208, 8, 8, 129.99, 'concluído', '2025-09-23 10:35:00'),
(209, 9, 9, 349.90, 'pendente', '2025-09-23 10:40:00'),
(210, 10, 10, 349.90, 'concluído', '2025-09-23 10:45:00'),
(211, 11, 11, 349.90, 'pendente', '2025-09-23 10:50:00'),
(212, 12, 12, 349.90, 'concluído', '2025-09-23 10:55:00'),
(213, 13, 13, 349.90, 'pendente', '2025-09-23 11:00:00'),
(214, 14, 14, 349.90, 'concluído', '2025-09-23 11:05:00'),
(215, 15, 15, 349.90, 'pendente', '2025-09-23 11:10:00'),
(216, 16, 16, 349.90, 'concluído', '2025-09-23 11:15:00'),
(217, 17, 17, 229.50, 'pendente', '2025-09-23 11:20:00'),
(218, 18, 18, 229.50, 'concluído', '2025-09-23 11:25:00'),
(219, 19, 19, 229.50, 'pendente', '2025-09-23 11:30:00'),
(220, 20, 20, 229.50, 'concluído', '2025-09-23 11:35:00'),
(221, 21, 21, 229.50, 'pendente', '2025-09-23 11:40:00'),
(222, 22, 22, 229.50, 'concluído', '2025-09-23 11:45:00'),
(223, 23, 23, 229.50, 'pendente', '2025-09-23 11:50:00'),
(224, 24, 24, 229.50, 'concluído', '2025-09-23 11:55:00'),
(225, 25, 25, 99.90, 'pendente', '2025-09-23 12:00:00'),
(226, 26, 26, 99.90, 'concluído', '2025-09-23 12:05:00'),
(227, 27, 27, 99.90, 'pendente', '2025-09-23 12:10:00'),
(228, 28, 28, 99.90, 'concluído', '2025-09-23 12:15:00'),
(229, 29, 29, 99.90, 'pendente', '2025-09-23 12:20:00'),
(230, 30, 30, 99.90, 'concluído', '2025-09-23 12:25:00');


INSERT INTO ocorrencias
(oco_id, trans_id, oco_valor, oco_situacao, oco_data)
VALUES
(1, 201, 129.99, 'pendente', '2025-09-23 10:01:00'),
(2, 202, 129.99, 'concluída', '2025-09-23 10:06:00'),
(3, 203, 129.99, 'pendente', '2025-09-23 10:11:00'),
(4, 204, 129.99, 'concluída', '2025-09-23 10:16:00'),
(5, 205, 129.99, 'pendente', '2025-09-23 10:21:00'),
(6, 206, 129.99, 'concluída', '2025-09-23 10:26:00'),
(7, 207, 129.99, 'pendente', '2025-09-23 10:31:00'),
(8, 208, 129.99, 'concluída', '2025-09-23 10:36:00'),
(9, 209, 349.90, 'pendente', '2025-09-23 10:41:00'),
(10, 210, 349.90, 'concluída', '2025-09-23 10:46:00'),
(11, 211, 349.90, 'pendente', '2025-09-23 10:51:00'),
(12, 212, 349.90, 'concluída', '2025-09-23 10:56:00'),
(13, 213, 349.90, 'pendente', '2025-09-23 11:01:00'),
(14, 214, 349.90, 'concluída', '2025-09-23 11:06:00'),
(15, 215, 349.90, 'pendente', '2025-09-23 11:11:00'),
(16, 216, 349.90, 'concluída', '2025-09-23 11:16:00'),
(17, 217, 229.50, 'pendente', '2025-09-23 11:21:00'),
(18, 218, 229.50, 'concluída', '2025-09-23 11:26:00'),
(19, 219, 229.50, 'pendente', '2025-09-23 11:31:00'),
(20, 220, 229.50, 'concluída', '2025-09-23 11:36:00'),
(21, 221, 229.50, 'pendente', '2025-09-23 11:41:00'),
(22, 222, 229.50, 'concluída', '2025-09-23 11:46:00'),
(23, 223, 229.50, 'pendente', '2025-09-23 11:51:00'),
(24, 224, 229.50, 'concluída', '2025-09-23 11:56:00'),
(25, 225, 99.90, 'pendente', '2025-09-23 12:01:00'),
(26, 226, 99.90, 'concluída', '2025-09-23 12:06:00'),
(27, 227, 99.90, 'pendente', '2025-09-23 12:11:00'),
(28, 228, 99.90, 'concluída', '2025-09-23 12:16:00'),
(29, 229, 99.90, 'pendente', '2025-09-23 12:21:00'),
(30, 230, 99.90, 'concluída', '2025-09-23 12:26:00');